"round","winnerCnt","prizeMony","1","2","3","4","5","6","Bonus"
"1","0","0","10","23","29","33","37","40","16"
"2","1","2002006800","9","13","21","25","32","42","2"
"3","1","2000000000","11","16","19","21","27","31","30"
"4","0","0","14","27","30","31","40","42","2"
"5","0","0","16","24","29","40","41","42","3"
"6","1","2147483647","14","15","26","27","40","42","34"
"7","0","0","2","9","16","25","26","40","42"
"8","0","0","8","19","25","34","37","39","9"
"9","0","0","2","4","16","17","36","39","14"
"10","13","2147483647","9","25","30","33","41","44","6"
"11","5","2147483647","1","7","36","37","41","42","14"
"12","12","1348845700","2","11","21","25","39","45","44"
"13","0","0","22","23","25","37","38","42","26"
"14","4","2147483647","2","6","12","31","33","40","15"
"15","1","2147483647","3","4","16","30","31","37","13"
"16","4","2147483647","6","7","24","37","38","40","33"
"17","3","2147483647","3","4","9","17","32","37","1"
"18","0","0","3","12","13","19","32","35","29"
"19","1","2147483647","6","30","38","39","40","43","26"
"20","1","2147483647","10","14","18","20","23","30","41"
"21","23","797475400","6","12","17","18","31","32","21"
"22","4","2147483647","4","5","6","8","17","39","25"
"23","4","2147483647","5","13","17","18","33","42","44"
"24","0","0","7","8","27","29","36","43","6"
"25","2","2147483647","2","4","21","26","43","44","16"
"26","5","2147483647","4","5","7","18","20","25","31"
"27","2","2147483647","1","20","26","28","37","43","27"
"28","10","1700361100","9","18","23","25","35","37","1"
"29","5","2147483647","1","5","13","34","39","40","11"
"30","2","2147483647","8","17","20","35","36","44","4"
"31","2","2147483647","7","9","18","23","28","35","32"
"32","10","1634528300","6","14","19","25","34","44","11"
"33","1","2147483647","4","7","32","33","40","41","9"
"34","5","2147483647","9","26","35","37","40","42","2"
"35","3","2147483647","2","3","11","26","37","43","39"
"36","1","2147483647","1","10","23","26","28","40","31"
"37","3","2147483647","7","27","30","33","35","37","42"
"38","3","2147483647","16","17","22","30","37","43","36"
"39","6","2147483647","6","7","13","15","21","43","8"
"40","13","1147652400","7","13","18","19","25","26","6"
"41","0","0","13","20","23","35","38","43","34"
"42","6","2147483647","17","18","19","21","23","32","1"
"43","1","2147483647","6","31","35","38","39","44","1"
"44","5","2147483647","3","11","21","30","38","45","39"
"45","2","2147483647","1","10","20","27","33","35","17"
"46","3","2147483647","8","13","15","23","31","38","39"
"47","5","2147483647","14","17","26","31","36","45","27"
"48","6","2147483647","6","10","18","26","37","38","3"
"49","7","1967504600","4","7","16","19","33","40","30"
"50","3","2147483647","2","10","12","15","22","44","1"
"51","6","2147483647","2","3","11","16","26","44","35"
"52","4","2147483647","2","4","15","16","20","29","1"
"53","3","2147483647","7","8","14","32","33","39","42"
"54","3","2147483647","1","8","21","27","36","39","37"
"55","2","2147483647","17","21","31","37","40","44","7"
"56","4","2147483647","10","14","30","31","33","37","19"
"57","4","2147483647","7","10","16","25","29","44","6"
"58","4","2147483647","10","24","25","33","40","44","1"
"59","4","2147483647","6","29","36","39","41","45","13"
"60","7","2147483647","2","8","25","36","39","42","11"
"61","5","2147483647","14","15","19","30","38","43","8"
"62","1","2147483647","3","8","15","27","29","35","21"
"63","2","2147483647","3","20","23","36","38","40","5"
"64","4","2147483647","14","15","18","21","26","36","39"
"65","4","2147483647","4","25","33","36","40","43","39"
"66","4","2147483647","2","3","7","17","22","24","45"
"67","7","2114436500","3","7","10","15","36","38","33"
"68","5","2147483647","10","12","15","16","26","39","38"
"69","3","2147483647","5","8","14","15","19","39","35"
"70","3","2147483647","5","19","22","25","28","43","26"
"71","0","0","5","9","12","16","29","41","21"
"72","13","2147483647","2","4","11","17","26","27","1"
"73","6","2147483647","3","12","18","32","40","43","38"
"74","3","2147483647","6","15","17","18","35","40","23"
"75","4","2147483647","2","5","24","32","34","44","28"
"76","2","2147483647","1","3","15","22","25","37","43"
"77","3","2147483647","2","18","29","32","43","44","37"
"78","4","2147483647","10","13","25","29","33","35","38"
"79","4","2147483647","3","12","24","27","30","32","14"
"80","1","2147483647","17","18","24","25","26","30","1"
"81","5","2147483647","5","7","11","13","20","33","6"
"82","1","2147483647","1","2","3","14","27","42","39"
"83","2","2147483647","6","10","15","17","19","34","14"
"84","2","2147483647","16","23","27","34","42","45","11"
"85","4","2147483647","6","8","13","23","31","36","21"
"86","1","2147483647","2","12","37","39","41","45","33"
"87","11","1799358055","4","12","16","23","34","43","26"
"88","4","2147483647","1","17","20","24","30","41","27"
"89","3","2147483647","4","26","28","29","33","40","37"
"90","4","2147483647","17","20","29","35","38","44","10"
"91","4","2147483647","1","21","24","26","29","42","27"
"92","11","1233270846","3","14","24","33","35","36","17"
"93","6","2147483647","6","22","24","36","38","44","19"
"94","6","2147483647","5","32","34","40","41","45","6"
"95","8","1747741238","8","17","27","31","34","43","14"
"96","7","1847133515","1","3","8","21","22","31","20"
"97","9","1496214000","6","7","14","15","20","36","3"
"98","4","2147483647","6","9","16","23","24","32","43"
"99","6","2147483647","1","3","10","27","29","37","11"
"100","4","2147483647","1","7","11","23","37","42","6"
"101","5","2147483647","1","3","17","32","35","45","8"
"102","9","1457153067","17","22","24","26","35","40","42"
"103","8","1691589563","5","14","15","27","30","45","10"
"104","2","2147483647","17","32","33","34","42","44","35"
"105","4","2147483647","8","10","20","34","41","45","28"
"106","16","810461157","4","10","12","22","24","33","29"
"107","2","2147483647","1","4","5","6","9","31","17"
"108","7","1998900772","7","18","22","23","29","44","12"
"109","12","1246838200","1","5","34","36","42","44","33"
"110","3","2147483647","7","20","22","23","29","43","1"
"111","6","2147483647","7","18","31","33","36","40","27"
"112","9","1567271167","26","29","30","33","41","42","43"
"113","9","1561528934","4","9","28","33","36","45","26"
"114","6","2147483647","11","14","19","26","28","41","2"
"115","9","1488589567","1","2","6","9","25","28","31"
"116","7","1997747315","2","4","25","31","34","37","17"
"117","9","1558378334","5","10","22","34","36","44","35"
"118","10","1297989720","3","4","10","17","19","22","38"
"119","9","1474899400","3","11","13","14","17","21","38"
"120","3","2147483647","4","6","10","11","32","37","30"
"121","2","2147483647","12","28","30","34","38","43","9"
"122","9","1450073800","1","11","16","17","36","40","8"
"123","5","2147483647","7","17","18","28","30","45","27"
"124","9","1395936267","4","16","23","25","29","42","1"
"125","7","1754870786","2","8","32","33","35","36","18"
"126","9","1369301500","7","20","22","27","40","43","1"
"127","6","1965939150","3","5","10","29","32","43","35"
"128","6","2064043100","12","30","34","36","37","45","39"
"129","11","1093629655","19","23","25","28","38","42","17"
"130","4","2147483647","7","19","24","27","42","45","31"
"131","8","1451214488","8","10","11","14","15","21","37"
"132","4","2147483647","3","17","23","34","41","45","43"
"133","8","1450242600","4","7","15","18","23","26","13"
"134","5","2147483647","3","12","20","23","31","35","43"
"135","7","1717293515","6","14","22","28","35","39","16"
"136","6","1997694150","2","16","30","36","41","42","11"
"137","9","1270403467","7","9","20","25","36","39","15"
"138","5","2147483647","10","11","27","28","37","39","19"
"139","7","1650210215","9","11","15","20","28","43","13"
"140","5","2109462840","3","13","17","18","19","28","8"
"141","6","1900552400","8","12","29","31","42","43","2"
"142","11","1018265564","12","16","30","34","40","44","19"
"143","3","2147483647","26","27","28","42","43","45","8"
"144","8","1402440413","4","15","17","26","36","37","43"
"145","3","2147483647","2","3","13","20","27","44","9"
"146","2","2147483647","2","19","27","35","41","42","25"
"147","7","1700040215","4","6","13","21","40","42","36"
"148","5","2147483647","21","25","33","34","35","36","17"
"149","7","1639052143","2","11","21","34","41","42","27"
"150","4","2147483647","2","18","25","28","37","39","16"
"151","4","2147483647","1","2","10","13","18","19","15"
"152","5","2147483647","1","5","13","26","29","34","43"
"153","4","2147483647","3","8","11","12","13","36","33"
"154","4","2147483647","6","19","21","35","40","45","20"
"155","9","1193005734","16","19","20","32","33","41","4"
"156","8","1401099900","5","18","28","30","42","45","2"
"157","2","2147483647","19","26","30","33","35","39","37"
"158","10","1069544340","4","9","13","18","21","34","7"
"159","6","1755407300","1","18","30","41","42","43","32"
"160","2","2147483647","3","7","8","34","39","41","1"
"161","7","1996876272","22","34","36","40","42","45","44"
"162","5","2147483647","1","5","21","25","38","41","24"
"163","7","1629726515","7","11","26","28","29","44","16"
"164","3","2147483647","6","9","10","11","39","41","27"
"165","2","2147483647","5","13","18","19","22","42","31"
"166","11","1111299982","9","12","27","36","39","45","14"
"167","5","2147483647","24","27","28","30","36","39","4"
"168","5","2147483647","3","10","31","40","42","43","30"
"169","5","2147483647","16","27","35","37","43","45","19"
"170","6","1923108250","2","11","13","15","31","42","10"
"171","6","1961339700","4","16","25","29","34","35","1"
"172","11","1081154073","4","19","21","24","26","41","35"
"173","8","1487736788","3","9","24","30","33","34","18"
"174","7","1771103058","13","14","18","22","35","39","16"
"175","5","2147483647","19","26","28","31","33","36","17"
"176","5","2147483647","4","17","30","32","33","34","15"
"177","7","1693285500","1","10","13","16","37","43","6"
"178","5","2147483647","1","5","11","12","18","23","9"
"179","10","1081093920","5","9","17","25","39","43","32"
"180","2","2147483647","2","15","20","21","29","34","22"
"181","6","1941763300","14","21","23","32","40","45","44"
"182","3","2147483647","13","15","27","29","34","40","35"
"183","6","1777221500","2","18","24","34","40","42","5"
"184","6","1747753050","1","2","6","16","20","33","41"
"185","3","2147483647","1","2","4","8","19","38","14"
"186","9","1187882600","4","10","14","19","21","45","9"
"187","7","1544733900","1","2","8","18","29","38","42"
"188","3","2147483647","19","24","27","30","31","34","36"
"189","3","2147483647","8","14","32","35","37","45","28"
"190","6","1784159450","8","14","18","30","31","44","15"
"191","4","2147483647","5","6","24","25","32","37","8"
"192","4","2147483647","4","8","11","18","37","45","33"
"193","3","2147483647","6","14","18","26","36","39","13"
"194","4","2147483647","15","20","23","26","39","44","28"
"195","11","918992591","7","10","19","22","35","40","31"
"196","15","727876520","35","36","37","41","44","45","30"
"197","6","1803018300","7","12","16","34","42","45","4"
"198","6","1797855050","12","19","20","25","41","45","2"
"199","2","2147483647","14","21","22","25","30","36","43"
"200","8","1344616613","5","6","13","14","17","20","7"
"201","1","2147483647","3","11","24","38","39","44","26"
"202","6","1893391700","12","14","27","33","39","44","17"
"203","5","2147483647","1","3","11","24","30","32","7"
"204","8","1358347125","3","12","14","35","40","45","5"
"205","6","1835221800","1","3","21","29","35","37","30"
"206","5","2032859340","1","2","3","15","20","25","43"
"207","5","2104673760","3","11","14","31","32","37","38"
"208","6","1760767400","14","25","31","34","40","44","24"
"209","6","1660896350","2","7","18","20","24","33","37"
"210","2","2147483647","10","19","22","23","25","37","39"
"211","10","1035800250","12","13","17","20","33","41","8"
"212","4","2147483647","11","12","18","21","31","38","8"
"213","8","1376678025","2","3","4","5","20","24","42"
"214","8","1406980875","5","7","20","25","28","37","32"
"215","7","1587689615","2","3","7","15","43","44","4"
"216","13","848506108","7","16","17","33","36","40","1"
"217","7","1611246172","16","20","27","33","35","39","38"
"218","4","2147483647","1","8","14","18","29","44","20"
"219","9","1208409167","4","11","20","26","35","37","16"
"220","6","1958094950","5","11","19","21","34","43","31"
"221","6","1800104250","2","20","33","35","37","40","10"
"222","5","2147483647","5","7","28","29","39","43","44"
"223","7","1498170600","1","3","18","20","26","27","38"
"224","6","1808969950","4","19","26","27","30","42","7"
"225","6","1777201800","5","11","13","19","31","36","7"
"226","6","1744100150","2","6","8","14","21","22","34"
"227","2","2147483647","4","5","15","16","22","42","2"
"228","9","1146700334","17","25","35","36","39","44","23"
"229","7","1451441100","4","5","9","11","23","38","35"
"230","8","1292929163","5","11","14","29","32","33","12"
"231","9","1088365900","5","10","19","31","44","45","27"
"232","9","1110918400","8","9","10","12","24","44","35"
"233","10","999153750","4","6","13","17","28","40","39"
"234","4","2147483647","13","21","22","24","26","37","4"
"235","3","2147483647","21","22","26","27","31","37","8"
"236","2","2147483647","1","4","8","13","37","39","7"
"237","7","1440630729","1","11","17","21","24","44","33"
"238","9","1121660567","2","4","15","28","31","34","35"
"239","9","1134140167","11","15","24","39","41","44","7"
"240","2","2147483647","6","10","16","40","41","43","21"
"241","4","2147483647","2","16","24","27","28","35","21"
"242","8","1234542375","4","19","20","21","32","34","43"
"243","4","2147483647","2","12","17","19","28","42","34"
"244","1","2147483647","13","16","25","36","37","38","19"
"245","7","1382583129","9","11","27","31","32","38","22"
"246","5","1911774240","13","18","21","23","26","39","15"
"247","6","1669313900","12","15","28","36","39","40","13"
"248","8","1227479363","3","8","17","23","38","45","13"
"249","6","1663568700","3","8","27","31","41","44","11"
"250","5","1994726280","19","23","30","37","43","45","38"
"251","8","1282616400","6","7","19","25","28","38","45"
"252","7","1391089715","14","23","26","31","39","45","28"
"253","4","2147483647","8","19","25","31","34","36","33"
"254","1","2147483647","1","5","19","20","24","30","27"
"255","6","1598618550","1","5","6","24","27","42","32"
"256","2","2147483647","4","11","14","21","23","43","32"
"257","4","2147483647","6","13","27","31","32","37","4"
"258","4","2147483647","14","27","30","31","38","40","17"
"259","2","2147483647","4","5","14","35","42","45","34"
"260","4","2147483647","7","12","15","24","37","40","43"
"261","3","2147483647","6","11","16","18","31","43","2"
"262","2","2147483647","9","12","24","25","29","31","36"
"263","6","1551704900","1","27","28","32","37","40","18"
"264","7","1344889200","9","16","27","36","41","44","5"
"265","8","1200838575","5","9","34","37","38","39","12"
"266","3","2147483647","3","4","9","11","22","42","37"
"267","3","2147483647","7","8","24","34","36","41","1"
"268","7","1350954515","3","10","19","24","32","45","12"
"269","5","1961399940","5","18","20","36","42","43","32"
"270","5","1927830060","5","9","12","20","21","26","27"
"271","6","1565918150","3","8","9","27","29","40","36"
"272","9","1104622800","7","9","12","27","39","43","28"
"273","3","2147483647","1","8","24","31","34","44","6"
"274","4","2147483647","13","14","15","26","35","39","25"
"275","1","2147483647","14","19","20","35","38","40","26"
"276","3","2147483647","4","15","21","33","39","41","25"
"277","3","2147483647","10","12","13","15","25","29","20"
"278","3","2147483647","3","11","37","39","41","43","13"
"279","5","1914205320","7","16","31","36","37","38","11"
"280","7","1355258529","10","11","23","24","36","37","35"
"281","6","1554683200","1","3","4","6","14","41","12"
"282","7","1322052643","2","5","10","18","31","32","30"
"283","3","2147483647","6","8","18","31","38","45","42"
"284","3","2147483647","2","7","15","24","30","45","28"
"285","3","2147483647","13","33","37","40","41","45","2"
"286","3","2147483647","1","15","19","40","42","44","17"
"287","7","1328657100","6","12","24","27","35","37","41"
"288","4","2147483647","1","12","17","28","35","41","10"
"289","0","0","3","14","33","37","38","42","10"
"290","13","2147483647","8","13","18","32","39","45","7"
"291","7","1450585200","3","7","8","18","20","42","45"
"292","14","720373950","17","18","31","32","33","34","10"
"293","6","1656764400","1","9","17","21","29","33","24"
"294","4","2147483647","6","10","17","30","37","38","40"
"295","0","0","1","4","12","16","18","38","8"
"296","8","2147483647","3","8","15","27","30","45","44"
"297","2","2147483647","6","11","19","20","28","32","34"
"298","1","2147483647","5","9","27","29","37","40","19"
"299","7","1483772529","1","3","20","25","36","45","24"
"300","12","836092425","7","9","10","12","26","38","39"
"301","7","1447385015","7","11","13","33","37","43","26"
"302","2","2147483647","13","19","20","32","38","42","4"
"303","6","1672749000","2","14","17","30","38","45","43"
"304","6","1661646150","4","10","16","26","33","41","38"
"305","5","2008210140","7","8","18","21","23","39","9"
"306","5","2102669520","4","18","23","30","34","41","19"
"307","4","2147483647","5","15","21","23","25","45","12"
"308","1","2147483647","14","15","17","19","37","45","40"
"309","11","901622946","1","2","5","11","18","36","22"
"310","8","1296713325","1","5","19","28","34","41","16"
"311","8","1237691063","4","12","24","27","28","32","10"
"312","15","629017820","2","3","5","6","12","20","25"
"313","6","1715422800","9","17","34","35","43","45","2"
"314","6","1660512200","15","17","19","34","38","41","2"
"315","8","1308728625","1","13","33","35","43","45","23"
"316","6","1673586400","10","11","21","27","31","39","43"
"317","4","2147483647","3","10","11","22","36","39","8"
"318","9","1207436600","2","17","19","20","34","45","21"
"319","5","2135659380","5","8","22","28","33","42","37"
"320","2","2147483647","16","19","23","25","41","45","3"
"321","6","1959136100","12","18","20","21","25","34","42"
"322","6","1904544700","9","18","29","32","38","43","20"
"323","8","1461025388","10","14","15","32","36","42","3"
"324","6","1865130350","2","4","21","25","33","36","17"
"325","6","1806122450","7","17","20","32","44","45","33"
"326","6","1832134550","16","23","25","33","36","39","40"
"327","12","882674750","6","12","13","17","32","44","24"
"328","6","1819795900","1","6","9","16","17","28","24"
"329","6","1830391200","9","17","19","30","35","42","4"
"330","9","1162280200","3","4","16","17","19","20","23"
"331","5","2147483647","4","9","14","26","31","44","39"
"332","8","1359448388","16","17","34","36","42","45","3"
"333","7","1550987143","5","14","27","30","39","43","35"
"334","7","1523002972","13","15","21","29","39","43","33"
"335","5","2037492480","5","9","16","23","26","45","21"
"336","6","1685632650","3","5","20","34","35","44","16"
"337","8","1257500513","1","5","14","18","32","37","4"
"338","3","2147483647","2","13","34","38","42","45","16"
"339","9","1096778334","6","8","14","21","30","37","45"
"340","7","1439393186","18","24","26","29","34","38","32"
"341","7","1497207772","1","8","19","34","39","43","41"
"342","3","2147483647","1","13","14","33","34","43","25"
"343","6","1717153000","1","10","17","29","31","43","15"
"344","7","1467106543","1","2","15","28","34","45","38"
"345","2","2147483647","15","20","23","29","39","42","2"
"346","5","2017727340","5","13","14","22","44","45","33"
"347","7","1456624286","3","8","13","27","32","42","10"
"348","3","2147483647","3","14","17","20","24","31","34"
"349","3","2147483647","5","13","14","20","24","25","36"
"350","9","1101052467","1","8","18","24","29","33","35"
"351","4","2147483647","5","25","27","29","34","36","33"
"352","6","1732858250","5","16","17","20","26","41","24"
"353","2","2147483647","11","16","19","22","29","36","26"
"354","5","2124464340","14","19","36","43","44","45","1"
"355","5","2145424800","5","8","29","30","35","44","38"
"356","9","1157185267","2","8","14","25","29","45","24"
"357","2","2147483647","10","14","18","21","36","37","5"
"358","3","2147483647","1","9","10","12","21","40","37"
"359","8","1286712600","1","10","19","20","24","40","23"
"360","3","2147483647","4","16","23","25","35","40","27"
"361","7","1473115115","5","10","16","24","27","35","33"
"362","6","1729424650","2","3","22","27","30","40","29"
"363","4","2147483647","11","12","14","21","32","38","6"
"364","4","2147483647","2","5","7","14","16","40","4"
"365","1","2147483647","5","15","21","25","26","30","31"
"366","2","2147483647","5","12","19","26","27","44","38"
"367","7","1581736586","3","22","25","29","32","44","19"
"368","7","1465825115","11","21","24","30","39","45","26"
"369","6","1842177750","17","20","35","36","41","43","21"
"370","7","1678941943","16","18","24","42","44","45","17"
"371","7","1524130543","7","9","15","26","27","42","18"
"372","9","1192593200","8","11","14","16","18","21","13"
"373","4","2147483647","15","26","37","42","43","45","9"
"374","2","2147483647","11","13","15","17","25","34","26"
"375","7","1581284058","4","8","19","25","27","45","7"
"376","6","1956915800","1","11","13","24","28","40","7"
"377","3","2147483647","6","22","29","37","43","45","23"
"378","5","2147483647","5","22","29","31","34","39","43"
"379","7","1598999786","6","10","22","31","35","40","19"
"380","4","2147483647","1","2","8","17","26","37","27"
"381","19","565738895","1","5","10","12","16","20","11"
"382","6","1846674900","10","15","22","24","27","42","19"
"383","3","2147483647","4","15","28","33","37","40","25"
"384","3","2147483647","11","22","24","32","36","38","7"
"385","7","1542032700","7","12","19","21","29","32","9"
"386","10","1042953330","4","7","10","19","31","40","26"
"387","4","2147483647","1","26","31","34","40","43","20"
"388","4","2147483647","1","8","9","17","29","32","45"
"389","5","2119027020","7","16","18","20","23","26","3"
"390","1","2147483647","16","17","28","37","39","40","15"
"391","1","2147483647","10","11","18","22","28","39","30"
"392","6","1713528700","1","3","7","8","24","42","43"
"393","8","1362003975","9","16","28","40","41","43","21"
"394","1","2147483647","1","13","20","22","25","28","15"
"395","7","1534635000","11","15","20","26","31","35","7"
"396","2","2147483647","18","20","31","34","40","45","30"
"397","3","2147483647","12","13","17","22","25","33","8"
"398","4","2147483647","10","15","20","23","42","44","7"
"399","8","1276854975","1","2","9","17","19","42","20"
"400","4","2147483647","9","21","27","34","41","43","2"
"401","9","1168214792","6","12","18","31","38","43","9"
"402","4","2147483647","5","9","15","19","22","36","32"
"403","5","2122396875","10","14","22","24","28","37","26"
"404","3","2147483647","5","20","21","24","33","40","36"
"405","3","2147483647","1","2","10","25","26","44","4"
"406","5","2147483647","7","12","21","24","27","36","45"
"407","7","1649707286","6","7","13","16","24","25","1"
"408","5","2147483647","9","20","21","22","30","37","16"
"409","4","2147483647","6","9","21","31","32","40","38"
"410","9","1249335709","1","3","18","32","40","41","16"
"411","12","953227563","11","14","22","35","37","39","5"
"412","7","1656199822","4","7","39","41","42","45","40"
"413","4","2147483647","2","9","15","23","34","40","3"
"414","1","2147483647","2","14","15","22","23","44","43"
"415","8","1334182407","7","17","20","26","30","40","24"
"416","10","1072037100","5","6","8","11","22","26","44"
"417","4","2147483647","4","5","14","20","22","43","44"
"418","8","1435649766","11","13","15","26","28","34","31"
"419","3","2147483647","2","11","13","14","28","30","7"
"420","8","1424856375","4","9","10","29","31","34","27"
"421","5","2147483647","6","11","26","27","28","44","30"
"422","6","2147483647","8","15","19","21","34","44","12"
"423","3","2147483647","1","17","27","28","29","40","5"
"424","10","1109480813","10","11","26","31","34","44","30"
"425","8","1534833000","8","10","14","27","33","38","3"
"426","4","2147483647","4","17","18","27","39","43","19"
"427","1","2147483647","6","7","15","24","28","30","21"
"428","9","1437683209","12","16","19","22","37","40","8"
"429","9","1485904709","3","23","28","34","39","42","16"
"430","8","1611763219","1","3","16","18","30","34","44"
"431","10","1268434013","18","22","25","31","38","45","6"
"432","5","2147483647","2","3","5","11","27","39","33"
"433","11","1182294410","19","23","29","33","35","43","27"
"434","8","1480060266","3","13","20","24","33","37","35"
"435","10","1287550013","8","16","26","30","38","45","42"
"436","8","1512266579","9","14","20","22","33","34","28"
"437","6","2096245438","11","16","29","38","41","44","21"
"438","9","1377142167","6","12","20","26","29","38","45"
"439","6","1900077375","17","20","30","31","37","40","25"
"440","6","1995873000","10","22","28","34","36","44","2"
"441","4","2147483647","1","23","28","30","34","35","9"
"442","9","1413413042","25","27","29","36","38","40","41"
"443","9","1327597584","4","6","10","19","20","44","14"
"444","3","2147483647","11","13","23","35","43","45","17"
"445","7","1791683036","13","20","21","30","39","45","32"
"446","3","2147483647","1","11","12","14","26","35","6"
"447","4","2147483647","2","7","8","9","17","33","34"
"448","3","2147483647","3","7","13","27","40","41","36"
"449","3","2147483647","3","10","20","26","35","43","36"
"450","6","1990391625","6","14","19","21","23","31","13"
"451","13","882138952","12","15","20","24","30","38","29"
"452","9","1276902000","8","10","18","30","32","34","27"
"453","5","2147483647","12","24","33","38","40","42","30"
"454","7","1609125590","13","25","27","34","38","41","10"
"455","7","1635711483","4","19","20","26","30","35","24"
"456","7","1598505054","1","7","12","18","23","27","44"
"457","10","1159902825","8","10","18","23","27","40","33"
"458","8","1608812625","4","9","10","32","36","40","18"
"459","7","1655842233","4","6","10","14","25","40","12"
"460","4","2147483647","8","11","28","30","43","45","41"
"461","6","1948674875","11","18","26","31","37","40","43"
"462","8","1483559297","3","20","24","32","37","45","4"
"463","0","0","23","29","31","33","34","44","40"
"464","13","2147483647","6","12","15","34","42","44","4"
"465","7","1923662893","1","8","11","13","22","38","31"
"466","9","1530313459","4","10","13","23","32","44","20"
"467","9","1435441084","2","12","14","17","24","40","39"
"468","9","1527197167","8","13","15","28","37","43","17"
"469","4","2147483647","4","21","22","34","37","38","33"
"470","3","2147483647","10","16","20","39","41","42","27"
"471","7","1939332858","6","13","29","37","39","41","43"
"472","7","1809656090","16","25","26","31","36","43","44"
"473","4","2147483647","8","13","20","22","23","36","34"
"474","15","936690800","4","13","18","31","33","45","43"
"475","8","1693923047","1","9","14","16","21","29","3"
"476","4","2147483647","9","12","13","15","37","38","27"
"477","8","1919011829","14","25","29","32","33","45","37"
"478","14","987224759","18","29","30","37","39","43","8"
"479","6","2147483647","8","23","25","27","35","44","24"
"480","4","2147483647","3","5","10","17","30","31","16"
"481","3","2147483647","3","4","23","29","40","41","20"
"482","7","1897921179","1","10","16","24","25","35","43"
"483","5","2147483647","12","15","19","22","28","34","5"
"484","6","2147483647","1","3","27","28","32","45","11"
"485","9","1501474917","17","22","26","27","36","39","20"
"486","13","1008634125","1","2","23","25","38","40","43"
"487","8","1638830766","4","8","25","27","37","41","21"
"488","10","1330393575","2","8","17","30","31","38","25"
"489","6","2106360625","2","4","8","15","20","27","11"
"490","7","1860234161","2","7","26","29","40","43","42"
"491","4","2147483647","8","17","35","36","39","42","4"
"492","5","2147483647","22","27","31","35","37","40","42"
"493","9","1451120334","20","22","26","33","36","37","25"
"494","12","1054588407","5","7","8","15","30","43","22"
"495","6","2111645000","4","13","22","27","34","44","6"
"496","4","2147483647","4","13","20","29","36","41","39"
"497","6","2147483647","19","20","23","24","43","44","13"
"498","4","2147483647","13","14","24","32","39","41","3"
"499","3","2147483647","5","20","23","27","35","40","43"
"500","9","1351072375","3","4","12","20","24","34","41"
"501","4","2147483647","1","4","10","17","31","42","2"
"502","6","2147483647","6","22","28","32","34","40","26"
"503","7","1853634911","1","5","27","30","34","36","40"
"504","9","1443236959","6","14","22","26","43","44","31"
"505","6","1917955188","7","20","22","25","38","40","44"
"506","3","2147483647","6","9","11","22","24","30","31"
"507","9","1416438875","12","13","32","33","40","41","4"
"508","8","1599557860","5","27","31","34","35","43","37"
"509","5","2147483647","12","25","29","35","42","43","24"
"510","5","2147483647","12","29","32","33","39","40","42"
"511","6","2147483647","3","7","14","23","26","42","24"
"512","13","940094452","4","5","9","13","26","27","1"
"513","3","2147483647","5","8","21","23","27","33","12"
"514","3","2147483647","1","15","20","26","35","42","9"
"515","1","2147483647","2","11","12","15","23","37","8"
"516","11","1294190182","2","8","23","41","43","44","30"
"517","5","2147483647","1","9","12","28","36","41","10"
"518","6","2147483647","14","23","30","32","34","38","6"
"519","7","1950601393","6","8","13","16","30","43","3"
"520","6","2147483647","4","22","27","28","38","40","1"
"521","8","1693420922","3","7","18","29","32","36","19"
"522","6","2147483647","4","5","13","14","37","41","11"
"523","7","1780355840","1","4","37","38","40","45","7"
"524","4","2147483647","10","11","29","38","41","45","21"
"525","9","1501132375","11","23","26","29","39","44","22"
"526","9","1491031959","7","14","17","20","35","39","31"
"527","13","1032386366","1","12","22","32","33","42","38"
"528","11","1197889125","5","17","25","31","39","40","10"
"529","8","1749114797","18","20","24","27","31","42","39"
"530","11","1231656239","16","23","27","29","33","41","22"
"531","9","1521519750","1","5","9","21","27","35","45"
"532","7","2147483647","16","17","23","24","29","44","3"
"533","8","1785671579","9","14","15","17","31","33","23"
"534","1","2147483647","10","24","26","29","37","38","32"
"535","3","2147483647","11","12","14","15","18","39","34"
"536","11","1308523603","7","8","18","32","37","43","12"
"537","7","2104038911","12","23","26","30","36","43","11"
"538","3","2147483647","6","10","18","31","32","34","11"
"539","9","1621036667","3","19","22","31","42","43","26"
"540","7","1989365250","3","12","13","15","34","36","14"
"541","11","1269327171","8","13","26","28","32","34","43"
"542","6","2147483647","5","6","19","26","41","45","34"
"543","12","1112934844","13","18","26","31","34","44","12"
"544","13","1046388433","5","17","21","25","36","44","10"
"545","11","1198994353","4","24","25","27","34","35","2"
"546","30","405939950","8","17","20","27","37","43","6"
"547","5","2147483647","6","7","15","22","34","39","28"
"548","8","1736871891","1","12","13","21","32","45","14"
"549","8","1760805047","29","31","35","38","40","44","17"
"550","11","1118679205","1","7","14","20","34","37","41"
"551","1","2147483647","3","6","20","24","27","44","25"
"552","10","1330824225","1","10","20","32","35","40","43"
"553","6","2147483647","2","7","17","28","29","39","37"
"554","2","2147483647","13","14","17","32","41","42","6"
"555","8","1711027360","11","17","21","24","26","36","12"
"556","7","2005209161","12","20","23","28","30","44","43"
"557","7","1888069286","4","20","26","28","35","40","31"
"558","10","1315913663","12","15","19","26","40","43","29"
"559","7","1926145608","11","12","25","32","44","45","23"
"560","7","1976697215","1","4","20","23","29","45","28"
"561","5","2147483647","5","7","18","37","42","45","20"
"562","11","1166694614","4","11","13","17","20","31","33"
"563","7","1932735643","5","10","16","17","31","32","21"
"564","7","1934801143","14","19","25","26","27","34","2"
"565","8","1742064469","4","10","18","27","40","45","38"
"566","4","2147483647","4","5","6","25","26","43","41"
"567","6","2147483647","1","10","15","16","32","41","28"
"568","10","1305167550","1","3","17","20","31","44","40"
"569","4","2147483647","3","6","13","23","24","35","1"
"570","9","1527791625","1","12","26","27","29","33","42"
"571","7","1966538465","11","18","21","26","38","43","29"
"572","8","1668216188","3","13","18","33","37","45","1"
"573","8","1645691766","2","4","20","34","35","43","14"
"574","2","2147483647","14","15","16","19","25","43","2"
"575","8","1699267875","2","8","20","30","33","34","6"
"576","3","2147483647","10","11","15","25","35","41","13"
"577","3","2147483647","16","17","22","31","34","37","33"
"578","5","2147483647","5","12","14","32","34","42","16"
"579","11","1396068444","5","7","20","22","37","42","39"
"580","7","2028610500","5","7","9","11","32","35","33"
"581","8","1844554547","3","5","14","20","42","44","33"
"582","4","2147483647","2","12","14","33","40","41","25"
"583","11","1341848353","8","17","27","33","40","44","24"
"584","3","2147483647","7","18","30","39","40","41","36"
"585","9","1620546334","6","7","10","16","38","41","4"
"586","8","1778354344","2","7","12","15","21","34","5"
"587","3","2147483647","14","21","29","31","32","37","17"
"588","5","2147483647","2","8","15","22","25","41","30"
"589","7","2136877983","6","8","28","33","38","39","22"
"590","7","2147483647","20","30","36","38","41","45","23"
"591","5","2147483647","8","13","14","30","38","39","5"
"592","6","2147483647","2","5","6","13","28","44","43"
"593","9","1532833500","9","10","13","24","33","38","28"
"594","11","1255592796","2","8","13","25","28","37","3"
"595","8","1744525219","8","24","28","35","38","40","5"
"596","10","1328267663","3","4","12","14","25","43","17"
"597","13","1057920606","8","10","23","24","35","43","37"
"598","16","833998594","4","12","24","33","38","45","22"
"599","8","1710918329","5","12","17","29","34","35","27"
"600","15","901798725","5","11","14","27","29","36","44"
"601","9","1524565209","2","16","19","31","34","35","37"
"602","8","1689530860","13","14","22","27","30","38","2"
"603","4","2147483647","2","19","25","26","27","43","28"
"604","11","1229141557","2","6","18","21","33","34","30"
"605","9","1394232250","1","2","7","9","10","38","42"
"606","10","1311566850","1","5","6","14","20","39","22"
"607","4","2147483647","8","14","23","36","38","39","13"
"608","7","1943530018","4","8","18","19","39","44","41"
"609","2","2147483647","4","8","27","34","39","40","13"
"610","4","2147483647","14","18","20","23","28","36","33"
"611","4","2147483647","2","22","27","33","36","37","14"
"612","11","1181705250","6","9","18","19","25","33","40"
"613","9","1549831209","7","8","11","16","41","44","35"
"614","6","2147483647","8","21","25","39","40","44","18"
"615","9","1535062417","10","17","18","19","23","27","35"
"616","9","1611811250","5","13","18","23","40","45","3"
"617","8","1629701860","4","5","11","12","24","27","28"
"618","5","2147483647","8","16","25","30","42","43","15"
"619","3","2147483647","6","8","13","30","35","40","21"
"620","7","2028283233","2","16","17","32","39","45","40"
"621","6","2147483647","1","2","6","16","19","42","9"
"622","9","1630598292","9","15","16","21","28","34","24"
"623","8","1813702594","7","13","30","39","41","45","25"
"624","5","2147483647","1","7","19","26","27","35","16"
"625","5","2147483647","3","6","7","20","21","39","13"
"626","8","1717871110","13","14","26","33","40","43","15"
"627","10","1352230650","2","9","22","25","31","45","12"
"628","9","1499942875","1","7","12","15","23","42","11"
"629","5","2147483647","19","28","31","38","43","44","1"
"630","3","2147483647","8","17","21","24","27","31","15"
"631","4","2147483647","1","2","4","23","31","34","8"
"632","11","1432587716","15","18","21","32","35","44","6"
"633","12","1217257094","9","12","19","20","39","41","13"
"634","13","1077935106","4","10","11","12","20","27","38"
"635","8","1855587235","11","13","25","26","29","33","32"
"636","8","1832362219","6","7","15","16","20","31","26"
"637","4","2147483647","3","16","22","37","38","44","23"
"638","7","2147483647","7","18","22","24","31","34","6"
"639","4","2147483647","6","15","22","23","25","32","40"
"640","9","1728768834","14","15","18","21","26","35","23"
"641","8","1990074563","11","18","21","36","37","43","12"
"642","12","1251460438","8","17","18","24","39","45","32"
"643","6","2147483647","15","24","31","32","33","40","13"
"644","8","1831451204","5","13","17","23","28","36","8"
"645","4","2147483647","1","4","16","26","40","41","31"
"646","7","2147483647","2","9","24","41","43","45","30"
"647","7","2147483647","5","16","21","23","24","30","29"
"648","7","2120987947","13","19","28","37","38","43","4"
"649","5","2147483647","3","21","22","33","41","42","20"
"650","5","2147483647","3","4","7","11","31","41","35"
"651","8","1855306454","11","12","16","26","29","44","18"
"652","5","2147483647","3","13","15","40","41","44","20"
"653","14","980958670","5","6","26","27","38","39","1"
"654","8","1879301391","16","21","26","31","36","43","6"
"655","9","1661439625","7","37","38","39","40","44","18"
"656","2","2147483647","3","7","14","16","31","40","39"
"657","9","1694762792","10","14","19","39","40","43","23"
"658","9","1634031375","8","19","25","28","32","36","37"
"659","11","1336604216","7","18","19","27","29","42","45"
"660","10","1421272575","4","9","23","33","39","44","14"
"661","8","1713025547","2","3","12","20","27","38","40"
"662","8","1689733688","5","6","9","11","15","37","26"
"663","7","2080244143","3","5","8","19","38","42","20"
"664","10","1536801338","10","20","33","36","41","44","5"
"665","4","2147483647","5","6","11","17","38","44","13"
"666","6","2147483647","2","4","6","11","17","28","16"
"667","7","2147483647","15","17","25","37","42","43","13"
"668","5","2147483647","12","14","15","24","27","32","3"
"669","6","2147483647","7","8","20","29","33","38","9"
"670","12","1191725219","11","18","26","27","40","41","25"
"671","4","2147483647","7","9","10","13","31","35","24"
"672","9","1754745000","8","21","28","31","36","45","43"
"673","10","1491453300","7","10","17","29","33","44","5"
"674","8","1770565500","9","10","14","25","27","31","11"
"675","4","2147483647","1","8","11","15","18","45","7"
"676","8","1879726500","1","8","17","34","39","45","27"
"677","8","1921114407","12","15","24","36","41","44","42"
"678","6","2147483647","4","5","6","12","25","37","45"
"679","5","2147483647","3","5","7","14","26","34","35"
"680","14","1110570563","4","10","19","29","32","42","30"
"681","6","2147483647","21","24","27","29","43","44","7"
"682","4","2147483647","17","23","27","35","38","43","2"
"683","16","1010930883","6","13","20","27","28","40","15"
"684","9","1688815709","1","11","15","17","25","39","40"
"685","11","1494367671","6","7","12","28","38","40","18"
"686","8","1937531719","7","12","15","24","25","43","13"
"687","6","2147483647","1","8","10","13","28","42","45"
"688","9","1967536750","5","15","22","23","34","35","2"
"689","7","2147483647","7","17","19","30","36","38","34"
"690","15","1126507625","24","25","33","34","38","39","43"
"691","6","2147483647","15","27","33","35","43","45","16"
"692","7","2147483647","3","11","14","15","32","36","44"
"693","10","1642763813","1","6","11","28","34","42","30"
"694","10","1555036388","7","15","20","25","33","43","12"
"695","11","1450214830","4","18","26","33","34","38","14"
"696","10","1632054413","1","7","16","18","34","38","21"
"697","10","1531443038","2","5","8","11","33","39","31"
"698","8","1921084125","3","11","13","21","33","37","18"
"699","8","1995411375","4","5","8","16","21","29","3"
"700","8","2082099188","11","23","28","29","30","44","13"
"701","10","1583183175","3","10","14","16","36","38","35"
"702","11","1465091387","3","13","16","24","26","29","9"
"703","5","2147483647","10","28","31","33","41","44","21"
"704","4","2147483647","1","4","8","23","33","42","45"
"705","4","2147483647","1","6","17","22","28","45","23"
"706","4","2147483647","3","4","6","10","28","30","37"
"707","12","1322167313","2","12","19","24","39","44","35"
"708","4","2147483647","2","10","16","19","34","45","1"
"709","14","1165271625","10","18","30","36","39","44","32"
"710","5","2147483647","3","4","9","24","25","33","10"
"711","7","2147483647","11","15","24","35","37","45","42"
"712","4","2147483647","17","20","30","31","33","45","19"
"713","9","1714720917","2","5","15","18","19","23","44"
"714","7","2085131733","1","7","22","33","37","40","20"
"715","6","2147483647","2","7","27","33","41","44","10"
"716","12","1358752157","2","6","13","16","29","30","21"
"717","6","2147483647","2","11","19","25","28","32","44"
"718","17","926166464","4","11","20","23","32","39","40"
"719","9","1879581334","4","8","13","19","20","43","26"
"720","14","1233770358","1","12","29","34","36","37","41"
"721","8","2147483647","1","28","35","41","43","44","31"
"722","4","2147483647","12","14","21","30","39","43","45"
"723","8","2114365360","20","30","33","35","36","44","22"
"724","12","1427789813","2","8","33","35","37","41","14"
"725","11","1579217250","6","7","19","21","41","43","38"
"726","14","1166872634","1","11","21","23","34","44","24"
"727","14","1115107742","7","8","10","19","21","31","20"
"728","5","2147483647","3","6","10","30","34","37","36"
"729","4","2147483647","11","17","21","26","36","45","16"
"730","8","2017382110","4","10","14","15","18","22","39"
"731","7","2147483647","2","7","13","25","42","45","39"
"732","7","2147483647","2","4","5","17","27","32","43"
"733","4","2147483647","11","24","32","33","35","40","13"
"734","9","1949395500","6","16","37","38","41","45","18"
"735","10","1847231588","5","10","13","27","37","41","4"
"736","5","2147483647","2","11","17","18","21","27","6"
"737","4","2147483647","13","15","18","24","27","41","11"
"738","11","1634191091","23","27","28","38","42","43","36"
"739","4","2147483647","7","22","29","33","34","35","30"
"740","18","936929792","4","8","9","16","17","19","31"
"741","6","2147483647","5","21","27","34","44","45","16"
"742","16","1111814813","8","10","13","36","37","40","6"
"743","7","2147483647","15","19","21","34","41","44","10"
"744","15","1155411575","10","15","18","21","34","41","43"
"745","20","746822982","1","2","3","9","12","23","10"
"746","9","2038623709","3","12","33","36","42","45","25"
"747","9","1903214584","7","9","12","14","23","28","17"
"748","9","1928246542","3","10","13","22","31","32","29"
"749","13","1350104395","12","14","24","26","34","45","41"
"750","7","2147483647","1","2","15","19","24","36","12"
"751","8","2097968110","3","4","16","20","28","44","17"
"752","9","1870358834","4","16","20","33","40","43","7"
"753","6","2147483647","2","17","19","24","37","41","3"
"754","5","2147483647","2","8","17","24","29","31","32"
"755","8","2147483647","13","14","26","28","30","36","37"
"756","5","2147483647","10","14","16","18","27","28","4"
"757","21","739839858","6","7","11","17","33","44","1"
"758","8","2078969954","5","9","12","30","39","43","24"
"759","6","2147483647","9","33","36","40","42","43","32"
"760","8","2147483647","10","22","27","31","42","43","12"
"761","7","2147483647","4","7","11","24","42","45","30"
"762","10","1631432063","1","3","12","21","26","41","16"
"763","8","2138130000","3","8","16","32","34","43","10"
"764","7","2147483647","7","22","24","31","34","36","15"
"765","15","1109214250","1","3","8","12","42","43","33"
"766","8","2147483647","9","30","34","35","39","41","21"
"767","15","1163768725","5","15","20","31","34","42","22"
"768","13","1363572260","7","27","29","30","38","44","4"
"769","9","1930760042","5","7","11","16","41","45","4"
"770","8","2147483647","1","9","12","23","39","43","34"
"771","4","2147483647","6","10","17","18","21","29","30"
"772","10","1769608838","5","6","11","14","21","41","32"
"773","11","1609403080","8","12","19","21","31","35","44"
"774","11","1709721512","12","15","18","28","34","42","9"
"775","5","2147483647","11","12","29","33","38","42","17"
"776","7","2147483647","8","9","18","21","28","40","20"
"777","21","833468036","6","12","17","21","34","37","18"
"778","3","2147483647","6","21","35","36","37","41","11"
"779","11","1527709296","6","12","19","24","34","41","4"
"780","11","1667520137","15","17","19","21","27","45","16"
"781","9","1882891542","11","16","18","19","24","39","43"
"782","9","1946487625","6","18","31","34","38","45","20"
"783","4","2147483647","14","15","16","17","38","45","36"
"784","9","1908678000","3","10","23","24","31","39","22"
"785","6","2147483647","4","6","15","25","26","33","40"
"786","4","2147483647","12","15","16","20","24","30","38"
"787","6","2147483647","5","6","13","16","27","28","9"
"788","13","1401475154","2","10","11","19","35","39","29"
"789","15","1140976825","2","6","7","12","19","45","38"
"790","16","1160516274","3","8","19","27","30","41","12"
"791","14","1253081893","2","10","12","31","33","42","32"
"792","7","2147483647","2","7","19","25","29","36","16"
"793","5","2147483647","10","15","21","35","38","43","31"
"794","7","2147483647","6","7","18","19","30","38","13"
"795","11","1714977000","3","10","13","26","34","38","36"
"796","7","2147483647","1","21","26","36","40","41","5"
"797","8","2147483647","5","22","31","32","39","45","36"
"798","7","2147483647","2","10","14","22","32","36","41"
"799","10","1826427225","12","17","23","34","42","45","33"
"800","11","1632246205","1","4","10","12","28","45","26"
"801","8","2147483647","17","25","28","37","43","44","2"
"802","16","1082947993","10","11","12","18","24","42","27"
"803","5","2147483647","5","9","14","26","30","43","2"
"804","11","1631996523","1","10","13","26","32","36","9"
"805","4","2147483647","3","12","13","18","31","32","42"
"806","7","2147483647","14","20","23","31","37","38","27"
"807","7","2147483647","6","10","18","25","34","35","33"
"808","6","2147483647","15","21","31","32","41","43","24"
"809","6","2147483647","6","11","15","17","23","40","39"
"810","8","2147483647","5","10","13","21","39","43","11"
"811","7","2147483647","8","11","19","21","36","45","25"
"812","6","2147483647","1","3","12","14","16","43","10"
"813","4","2147483647","11","30","34","35","42","44","27"
"814","6","2147483647","2","21","28","38","42","45","30"
"815","7","2147483647","17","21","25","26","27","36","4"
"816","8","2128107938","12","18","19","29","31","39","7"
"817","9","1868477334","3","9","12","13","25","43","34"
"818","13","1380804318","14","15","25","28","29","30","3"
"819","7","2147483647","16","25","33","38","40","45","15"
"820","4","2147483647","10","21","22","30","35","42","6"
"821","14","1316155956","1","12","13","24","29","44","16"
"822","3","2147483647","9","18","20","24","27","36","12"
"823","9","2009843917","12","18","24","26","39","40","15"
"824","15","1256646550","7","9","24","29","34","38","26"
"825","12","1658710563","8","15","21","31","33","38","42"
"826","9","2075192084","13","16","24","25","33","36","42"
"827","15","1206500375","5","11","12","29","33","44","14"
"828","13","1455185972","4","7","13","29","31","39","18"
"829","8","2147483647","4","5","31","35","43","45","29"
"830","9","2060528750","5","6","16","18","37","38","17"
"831","16","1110702258","3","10","16","19","31","39","9"
"832","9","2088204584","13","14","19","26","40","43","30"
"833","8","2147483647","12","18","30","39","41","42","19"
"834","11","1690693671","6","8","18","35","42","43","3"
"835","15","1233681125","9","10","13","28","38","45","35"
"836","14","1257843670","1","9","11","14","26","28","19"
"837","6","2147483647","2","25","28","30","33","45","6"
"838","5","2147483647","9","14","17","33","36","38","20"
"839","13","1359454904","3","9","11","12","13","19","35"
"840","10","2042961788","2","4","11","28","29","43","27"
"841","17","1116095714","5","11","14","30","33","38","24"
"842","10","2035475025","14","26","32","36","39","42","38"
"843","5","2147483647","19","21","30","33","34","42","4"
"844","18","1162963542","7","8","13","15","33","45","18"
"845","11","1891217182","1","16","29","33","40","45","6"
"846","13","1596884395","5","18","30","41","43","45","13"
"847","8","2147483647","12","16","26","28","30","42","22"
"848","7","2147483647","1","2","16","22","38","39","34"
"849","17","1158252883","5","13","17","29","34","39","3"
"850","6","2147483647","16","20","24","28","36","39","5"
"851","8","2147483647","14","18","22","26","31","44","40"
"852","4","2147483647","11","17","28","30","33","35","9"
"853","7","2147483647","2","8","23","26","27","44","13"
"854","6","2147483647","20","25","31","32","36","43","3"
"855","9","2147483647","8","15","17","19","43","44","7"
"856","5","2147483647","10","24","40","41","43","44","17"
"857","15","1284915425","6","10","16","28","34","38","43"
"858","9","2147483647","9","13","32","38","39","43","23"
"859","11","1853927489","8","22","35","38","39","41","24"
"860","10","1879899825","4","8","18","25","27","32","42"
"861","4","2147483647","11","17","19","21","22","25","24"
"862","9","2147483647","10","34","38","40","42","43","32"
"863","7","2147483647","16","21","28","35","39","43","12"
"864","11","1716553637","3","7","10","13","25","36","32"
"865","13","1551729145","3","15","22","32","33","45","2"
"866","9","2147483647","9","15","29","34","37","39","12"
"867","5","2147483647","14","17","19","22","24","40","41"
"868","6","2147483647","12","17","28","41","43","44","25"
"869","10","1922582588","2","6","20","27","37","39","4"
"870","10","1928842988","21","25","30","32","40","42","31"
"871","7","2147483647","2","6","12","26","30","34","38"
"872","16","1262705579","2","4","30","32","33","43","29"
"873","10","1874553225","3","5","12","13","33","39","38"
"874","18","1117123917","1","15","19","23","28","42","32"
"875","14","1415946724","19","22","30","34","39","44","36"
"876","19","1090657856","5","16","21","26","34","42","24"
"877","12","1716607188","5","17","18","22","23","43","12"
"878","6","2147483647","2","6","11","16","25","31","3"
"879","6","2147483647","1","4","10","14","15","35","20"
"880","7","2147483647","7","17","19","23","24","45","38"
"881","8","2147483647","4","18","20","26","27","32","9"
"882","5","2147483647","18","34","39","43","44","45","23"
"883","15","1360519525","9","18","32","33","37","44","22"
"884","12","1799077282","4","14","23","28","37","45","17"
"885","13","1543832568","1","3","24","27","39","45","31"
"886","7","2147483647","19","23","28","37","42","45","2"
"887","8","2147483647","8","14","17","27","36","45","10"
"888","8","2147483647","3","7","12","31","34","38","32"
"889","10","2108986950","3","13","29","38","39","42","26"
"890","9","2147483647","1","4","14","18","29","37","6"
"891","7","2147483647","9","13","28","31","39","41","19"
"892","17","1282017464","4","9","17","18","26","42","36"
"893","9","2147483647","1","15","17","23","25","41","10"
"894","9","2147483647","19","32","37","40","41","43","45"
"895","12","1928079219","16","26","31","38","39","41","23"
"896","7","2147483647","5","12","25","26","38","45","23"
"897","13","1619922520","6","7","12","22","26","36","29"
"898","8","2147483647","18","21","28","35","37","42","17"
"899","6","2147483647","8","19","20","21","33","39","37"
"900","6","2147483647","7","13","16","18","35","38","14"
"901","9","2147483647","5","18","20","23","30","34","21"
"902","13","1619317529","7","19","23","24","36","39","30"
"903","13","1684582212","2","15","16","21","22","28","45"
"904","8","2147483647","2","6","8","26","43","45","11"
"905","7","2147483647","3","4","16","27","38","40","20"
"906","9","2147483647","2","5","14","28","31","32","20"
"907","7","2147483647","21","27","29","38","40","44","37"
"908","8","2147483647","3","16","21","22","23","44","30"
"909","11","2021062875","7","24","29","30","34","35","33"
"910","21","941316375","1","11","17","27","35","39","31"
"911","10","2113538625","4","5","12","14","32","42","35"
"912","14","1493500581","5","8","18","21","22","38","10"
"913","16","1338755602","6","14","16","21","27","37","40"
"914","11","1950005557","16","19","24","33","42","44","27"
"915","6","2147483647","2","6","11","13","22","37","14"
"916","11","2025384341","6","21","22","32","35","36","17"
"917","10","2144799638","1","3","23","24","27","43","34"
"918","18","1117622646","7","11","12","31","33","38","5"
"919","5","2147483647","9","14","17","18","42","44","35"
"920","7","2147483647","2","3","26","33","34","43","29"
"921","17","1232573405","5","7","12","22","28","41","1"
"922","6","2147483647","2","6","13","17","27","43","36"
"923","8","2147483647","3","17","18","23","36","41","26"
"924","9","2147483647","3","11","34","42","43","44","13"
"925","12","1771080532","13","24","32","34","39","42","4"
"926","10","2032490663","10","16","18","20","25","31","6"
"927","6","2147483647","4","15","22","38","41","43","26"
"928","7","2147483647","3","4","10","20","28","44","30"
"929","16","1308035157","7","9","12","15","19","23","4"
"930","8","2147483647","8","21","25","38","39","44","28"
"931","8","2147483647","14","15","23","25","35","43","32"
"932","7","2147483647","1","6","15","36","37","38","5"
"933","8","2147483647","23","27","29","31","36","45","37"
"934","4","2147483647","1","3","30","33","36","39","12"
"935","13","1711055424","4","10","20","32","38","44","18"
"936","14","1492069179","7","11","13","17","18","29","43"
"937","11","2058420819","2","10","13","22","29","40","26"
"938","10","2147483647","4","8","10","16","31","36","9"
"939","13","1708363039","4","11","28","39","42","45","6"
"940","8","2147483647","3","15","20","22","24","41","11"
"941","16","1347297422","12","14","25","27","39","40","35"
"942","6","2147483647","10","12","18","35","42","43","39"
"943","7","2147483647","1","8","13","36","44","45","39"
"944","13","1961836356","2","13","16","19","32","33","42"
"945","13","1765554491","9","10","15","30","33","37","26"
"946","11","2147483647","9","18","19","30","34","40","20"
"947","18","1275855750","3","8","17","20","27","35","26"
"948","11","2147483647","13","18","30","31","38","41","5"
"949","10","2147483647","14","21","35","36","40","44","30"
"950","8","2147483647","3","4","15","22","28","40","10"
"951","14","1747552661","2","12","30","31","39","43","38"
"952","9","2147483647","4","12","22","24","33","41","38"
"953","14","1640636009","7","9","22","27","37","42","34"
"954","10","2147483647","1","9","26","28","30","41","32"
"955","12","2023170188","4","9","23","26","29","33","8"
"956","11","2022982671","10","11","20","21","25","41","40"
"957","11","2126634137","4","15","24","35","36","40","1"
"958","15","1596119675","2","9","10","16","35","37","1"
"959","8","2147483647","1","14","15","24","40","41","35"
"960","10","2147483647","2","18","24","30","32","45","14"
"961","9","2147483647","11","20","29","31","33","42","43"
"962","12","1940906094","1","18","28","31","34","43","40"
"963","15","1476478125","6","12","19","23","34","42","35"
"964","10","2147483647","6","21","36","38","39","43","30"
"965","7","2147483647","2","13","25","28","29","36","34"
"966","10","2147483647","1","21","25","29","34","37","36"
"967","4","2147483647","1","6","13","37","38","40","9"
"968","13","1667729683","2","5","12","14","24","39","33"
"969","20","1149427894","3","9","10","29","40","45","7"
"970","14","1611544045","9","11","16","21","28","36","5"
"971","6","2147483647","2","6","17","18","21","26","7"
"972","20","1124886244","3","6","17","23","37","39","26"
"973","8","2147483647","22","26","31","37","41","42","24"
"974","17","1317034523","1","2","11","16","39","44","32"
"975","9","2147483647","7","8","9","17","22","24","5"
"976","7","2147483647","4","12","14","25","35","37","2"
"977","14","1669905911","2","9","10","14","22","44","16"
"978","10","2147483647","1","7","15","32","34","42","8"
"979","14","1606400518","7","11","16","21","27","33","24"
"980","7","2147483647","3","13","16","23","24","35","14"
"981","13","1992863193","27","36","37","41","43","45","32"
"982","8","2147483647","5","7","13","20","21","44","33"
"983","10","2147483647","13","23","26","31","35","43","15"
"984","7","2147483647","3","10","23","35","36","37","18"
"985","10","2147483647","17","21","23","30","34","44","19"
"986","10","2147483647","7","10","16","28","41","42","40"
"987","10","2147483647","2","4","15","23","29","38","7"
"988","9","2147483647","2","13","20","30","31","41","27"
"989","4","2147483647","17","18","21","27","29","33","26"
"990","14","1740095277","2","4","25","26","36","37","28"
"991","8","2147483647","13","18","25","31","33","44","38"
"992","12","1986955563","12","20","26","33","44","45","24"
"993","6","2147483647","6","14","16","18","24","42","44"
"994","12","1861582063","1","3","8","24","27","35","28"
"995","7","2147483647","1","4","13","29","38","39","7"
"996","18","1491185771","6","11","15","24","32","39","28"
"997","19","1253749560","4","7","14","16","24","44","20"
"998","12","2076499657","13","17","18","20","42","45","41"
"999","16","1513274790","1","3","9","14","18","28","34"
"1000","22","1246819620","2","8","19","22","32","42","39"
"1001","12","2077279594","6","10","12","14","20","42","15"
"1002","8","2147483647","17","25","33","35","38","45","15"
"1003","14","1811116822","1","4","29","39","43","45","31"
"1004","10","2147483647","7","15","30","37","39","44","18"
"1005","12","2061199344","8","13","18","24","27","29","17"
"1006","9","2147483647","8","11","15","16","17","37","36"
"1007","9","2147483647","8","11","16","19","21","25","40"
"1008","11","2147483647","9","11","30","31","41","44","33"
"1009","15","1702462825","15","23","29","34","40","44","20"
"1010","8","2147483647","9","12","15","25","34","36","3"
"1011","11","2147483647","1","9","12","26","35","38","42"
"1012","13","1861944318","5","11","18","20","35","45","3"
"1013","5","2147483647","21","22","26","34","36","41","32"
"1014","10","2147483647","3","11","14","18","26","27","21"
"1015","8","2147483647","14","23","31","33","37","40","44"
"1016","11","2147483647","15","26","28","34","41","42","44"
"1017","7","2147483647","12","18","22","23","30","34","32"
"1018","2","2147483647","3","19","21","25","37","45","35"
"1019","50","438565140","1","4","13","17","34","39","6"
"1020","13","1966431520","12","27","29","38","41","45","6"
"1021","12","2108962250","12","15","17","24","29","45","16"
"1022","5","2147483647","5","6","11","29","42","45","28"
"1023","9","2147483647","10","14","16","18","29","35","25"
